Eugraph.	ad Ter. heaut.	Eugraph.	Ter. heaut.
Cresc.	Donat.	Cresc.	Don.
Lindem.	Plaut. trin.	Lindem.	Plaut. capt.
Cael.	de signif. diaet. pass.	Cael.	de sign. diaet. pass.
Cael.	de signif. diaet.	Cael.	de sign. diaet. pass.
Cael.	Aur. acut. praef.	Cael.	Aur. acut.
Cael.	Aurel. acut.	Cael.	Aur. acut.
Cael.	āur. acut.	Cael.	Aur. acut.
Cael.	Aur. salut. praec.	Cael.	Aur. acut.
Cael.	Aur. sign. diaet. pass.	Cael.	Aur. acut.
Cael.	Aur. chron.	Cael.	Aur. chr.
Cael.	Aur. signif. diaet. pass.	Cael.	Aur. chr.
Cael.	Antip. bell. Pun. sec. hist.	Cael.	Antip.
Cael.	Antip. hist.	Cael.	Antip.
Cael.	de morb. chron. praef.	Cael.	Aurel. chron.
Cael.	de morb. acut. praef.	Cael.	de morb.
Cael.	de morb. chron.	Cael.	de morb.
Cael.	de morb. signif. diaet. pass.	Cael.	de morb.
Prolegg.	ad Verg.	Prolegg.	ad Tac. Agr.
Firm.	de err. prof. rel.	Firm.	de err.
Firm.	de err. relig.	Firm.	de err.
Firm.	math. praef.	Firm.	Mat.
Firm.	math.	Firm.	Mat.
Firm.	math. 	Firm.	Mat.
Sall.	hist. fr.	Sall.	fr.
Sall.	hist. fr. inc.	Sall.	fr.
Mythogr.	lat.	Mythogr.	Lat.
Tertull.	de test. anim.	Tertull.	de anim.
Cornif.	rhet. Vgl. Casaub. Suet. Tib.	Cornif.	rhet.
Nepot.	epit. Val. Max.	Nepot.	epit.
Vulg.	Philipp.	Vulg.	Phil.
Vulg.	ad Phil.	Vulg.	Phil.
Vulg.	cant. cant.	Vulg.	cant.
Vulg.	Marc.	Vulg.	Mach.
Vulg.	Mich.	Vulg.	Mach.
Vulg.	Zach.	Vulg.	Mach.
Vulg.	exod.	Vulg.	excd.
Vulg.	Sophon.	Vulg.	Soph.
Vulg.	psalm.	Vulg.	in psalm.
Vulg.	ad Galat.	Vulg.	Galat.
Vulg.	Iacob.	Vulg.	Iac.
Vulg.	epist. Iac.	Vulg.	Iac.
Vulg.	cant. cantic.	Vulg.	Iac.
Vulg.	euang. Ioann.	Vulg.	Ioann.
Vulg.	Ion.	Vulg.	Ioann.
Vulg.	sapient.	Vulg.	sap.
Vulg.	sapient. 	Vulg.	sap.
Vulg.	lev.	Vulg.	Lev.
Vulg.	Levit.	Vulg.	Lev.
Vulg.	levit.	Vulg.	Lev.
Vulg.	Sirach.	Vulg.	Sir.
Vulg.	numer.	Vulg.	num.
Vulg.	paralip.	Vulg.	paral.
Vulg.	ad Ephes.	Vulg.	Ephes.
Vulg.	ad Tit.	Vulg.	Tit.
Vulg.	ad Hebr.	Vulg.	Hebr.
Vulg.	Roman.	Vulg.	Rom.
Vulg.	Iesai.	Vulg.	Ies.
Vulg.	genes.	Vulg.	gen.
Vulg.	Ezech.	Vulg.	Ezcch.
Vulg.	Os.	Vulg.	Coloss.
Vulg.	act.	Vulg.	Habac.
Vulg.	Iudic.	Vulg.	Iud.
Vulg.	epist. Iud.	Vulg.	Iud.
Vulg.	iudic.	Vulg.	Iud.
Herm.	past.	Herm.	Past.
Aldh.	de laud. virgin.	Aldh.	de laud. virg.
Aldh.	laud. virg.	Aldh.	de laud. virg.
Aldh.	de laud. virginit.	Aldh.	de laud. virg.
Aldh.	de virginit.	Aldh.	de laud. virg.
Pomp.	comment. art. Donat.	Pomp.	com.
Eccl.	Vgl. Gronov. Obss. eccl.	Eccl.	Vgl. Bünem. Lact.
Iordan.	get.	Iordan.	Get.
Enn.	epich.	Enn.	Epich.
Enn.	heduph.	Enn.	hed.
Enn.	hedyphag.	Enn.	hed.
Enn.	fr. inc.	Enn.	fr.
Enn.	fr. scen.	Enn.	fr.
Enn.	fr. scen. 	Enn.	fr.
Enn.	fr. sen.	Enn.	fr.
Enn.	fr. var.	Enn.	fr.
Enn.	ann. 	Enn.	ann.
Salv.	epist.	Salv.	ep.
Salv.	ad. eccl.	Salv.	ad eccl.
Salv.	eccl.	Salv.	ad eccl.
Ulp.	fr. tit.	Ulp.	fr.
Ulp.	fragm.	Ulp.	fr.
Ulp.	frgm. Vat.	Ulp.	fr.
Ulp.	regul. tit.	Ulp.	regul.
Lat.	min. ed. Wernsdorf. tom.	Lat.	min. ed. Wernsd.
Cassiod. inst.	div. lit.	Cassiod. inst.	div.
Cassiod. inst.	div. litt.	Cassiod. inst.	div.
Cassiod. inst.	div. litt. 	Cassiod. inst.	div.
Nep.	Timol.	Nep.	Tim.
Nep.	reg.	Nep.	de regg.
Nep.	regg.	Nep.	de regg.
Nep.	Ages.	Nep.	Ag.
Nep.	Milt.	Nep.	Milit.
Nep.	Alcib.	Nep.	Alc.
Nep.	Timoth.	Nep.	Thimoth.
Nep.	Hamilc.	Nep.	Ham.
Nep.	Vgl. Nipperd. Nep. Lys.	Nep.	Lys.
Nep.	Epam.	Nep.	Ep.
Nep.	Iphicr.	Nep.	Iph.
Nep.	Pelop.	Nep.	Pel.
Cornel.	orat.	Cornel.	or.
Novell.	Iustin.	Novell.	Iust.
Claud.	nupt. Hon.	Claud.	de nupt. Hon.
Claud.	nupt. Hon. et. Mar. fesc.	Claud.	de nupt. Hon.
Claud.	laud. Seren. reg.	Claud.	laud. Seren.
Claud.	gigant.	Claud.	Gigant.
Claud.	Gigantom.	Claud.	Gigant.
Claud.	gigantom.	Claud.	Gigant.
Claud.	ad Seren.	Claud.	ad Ser.
Claud.	de laud. Ser.	Claud.	ad Ser.
Claud.	laud. Ser.	Claud.	ad Ser.
Claud.	in laud. Seren. reg.	Claud.	ad Ser.
Claud.	Saturnin. dig.	Claud.	Saturn. dig.
Claud.	Quadrig. ann.	Claud.	Quadr. ann.
Claud.	Quadrig. ann. fr.	Claud.	Quadr. ann.
Claud.	Quadrig. ann. fr. inc.	Claud.	Quadr. ann.
Claud.	Quadr. fr.	Claud.	Quadr. ann.
Claud.	rapt. Proserp.	Claud.	rapt. Pros.
Claud.	ad Iulian.	Claud.	ad Iul.
Claud.	ad Iustin.	Claud.	ad Iul.
Claud.	de Phoen.	Claud.	Phoen.
Claud.	de stat. anim.	Claud.	de stat. an.
Claud.	laud. Stil.	Claud.	de laud. Stil.
Claud.	VI. cons. Honor.	Claud.	III. cons. Honor.
Claud.	cons. Mall.	Claud.	III. cons. Honor.
Claud.	III. cons. Stil.	Claud.	II. cons. Stil.
Claud.	cons. Stil.	Claud.	II. cons. Stil.
Claud.	de cons. Stil.	Claud.	II. cons. Stil.
Claud.	III. cons. Hon.	Claud.	II. cons. Stil.
Claud.	de magn.	Claud.	de Magnet.
Claud.	de Mall. Theod. cons.	Claud.	Mall. Theod. cons.
Claud.	cons. Mall. Theod.	Claud.	Mall. Theod. cons.
Claud.	Mamert. genethl. Maxim.	Claud.	Mamert.
Claud.	de IV. cons. Hon.	Claud.	IV. cons. Hon.
Claud.	IV. cons. Hor.	Claud.	IV. cons. Hon.
Claud.	VI. cons. Hon.	Claud.	IV. cons. Hon.
Claud.	de VI. cons. Hon.	Claud.	IV. cons. Hon.
Claud.	epigr.	Claud.	ep.
Claud.	epith. Honor.	Claud.	ep.
Claud.	in Sidon. epist.	Claud.	ep.
Claud.	Mam. epist.	Claud.	Mam.
Claud.	Mam. genethl.	Claud.	Mam.
Claud.	Mam. genethl. Maxim.	Claud.	Mam.
Claud.	Mam. grat. act.	Claud.	Mam.
Claud.	Mam. pan.	Claud.	Mam.
Claud.	eidyll.	Claud.	edyll.
Claud.	idyll.	Claud.	edyll.
Claud.	epist.	Claud.	Mam. epist. praemiss. libr.
Claud.	in Eutr.	Claud.	Eutr.
Claud.	in Eutrop.	Claud.	Eutr.
Claud.	de anim. praef.	Claud.	de anim.
Claud.	de stat. anim. praef.	Claud.	de anim.
Claud.	de bell. Get.	Claud.	bell. Get.
Claud.	de Get. bell.	Claud.	bell. Get.
Claud.	bell. Gild.	Claud.	bell. Get.
Claud.	de bell. Gild.	Claud.	bell. Get.
Claud.	in Ruf.	Claud.	Ruf.
Claud.	imp. orat. fr. col.	Claud.	Quadrig. fr.
Rufin.	in Rom.	Rufin.	ad Rom. comm.
Rufin.	ad Roman.	Rufin.	ad Rom. comm.
Rufin.	in num. homil.	Rufin.	in num.
Rufin.	in metr. Ter.	Rufin.	de metr. comic.
Rufin.	metr. Ter.	Rufin.	de metr. comic.
Rufin.	hist. eccl.	Rufin.	Euseb. hist. eccl.
Rufin.	in numer. homil.	Rufin.	in num. hom.
Rufin.	in levit.	Rufin.	in Levit.
Rufin.	in Levit. hom.	Rufin.	in Levit.
Marc.	fil. fr.	Marc.	de agric. fr.
Marc.	med.	Marc.	de medic.
Marc.	de medic. fr.	Marc.	de medic.
Marc.	Emp. 	Marc.	Emp.
Marc.	Emp. carm.	Marc.	Emp.
Marc.	Emp. fol.	Marc.	Emp.
Marc.	Emp. praef.	Marc.	Emp.
Marc.	Empir.	Marc.	Emp.
Kr.	od.	Kr.	Vulg. exod.
Kr.	Vgl. Diom.	Kr.	Diom.
Kr.	Suet. Dom.	Kr.	Diom.
Kr.	Porphyr. Hor. carm.	Kr.	Hor. sat.
Gregor.	Tur. hist. Franc.	Gregor.	Tur. conf.
Gregor.	Tur. vit. patr.	Gregor.	Tur. conf.
Gregor.	in glor. conf.	Gregor.	Tur. conf.
Gregor.	epist.	Gregor.	Epist.
Gregor.	ep.	Gregor.	Epist.
Gregor.	de vit. patr.	Gregor.	Turon. vit. patr.
Capitol.	Maximin.	Capitol.	Max.
Capitol.	Maximin. iun.	Capitol.	Max.
Capitol.	Pertin.	Capitol.	Pert.
Porphyr.	ad Hor. carm.	Porphyr.	Hor. carm.
Porphyr.	Hor. carm. saec.	Porphyr.	Hor. carm.
Porphyr.	Hor. sat.	Porphyr.	Hor. carm.
Porphyr.	ad Hor. epod.	Porphyr.	Hor. ep.
Porphyr.	Hor. epod.	Porphyr.	Hor. ep.
Porphyr.	Hor. od.	Porphyr.	Hor. ep.
Naev.	fr. bell. Pun.	Naev.	bell. Pun.
Naev.	bell. Pun. fr. inc.	Naev.	bell. Pun.
Naev.	bell. Pun. fr. inc. II.	Naev.	bell. Pun.
Naev.	bell. Pun. lib.	Naev.	bell. Pun.
Naev.	bell. Punic.	Naev.	bell. Pun.
Naev.	bell. Punic. lib.	Naev.	bell. Punic. inc. libr. fr.
Naev.	tr. 	Naev.	tr.
Victorin.	in rhet. Cic.	Victorin.	in Cic. rhet.
Victorin.	de metr.	Victorin.	de gen. metr.
Verecund.	in cant. Azar.	Verecund.	cant. Azar.
Symm.	epist.	Symm.	ep.
Symm.	in Valentin.	Symm.	in Valent.
Symm.	oratt. ed. Mai. Rom.	Symm.	orat.
Philarg.	in Verg. ecl.	Philarg.	Verg. ecl.
Philarg.	ad Verg. georg.	Philarg.	Verg. ecl.
Gronov.	observ.	Gronov.	Observ.
Gronov.	observv.	Gronov.	Observ.
Gronov.	obss.	Gronov.	Obss.
Ov.	medic. fac.	Ov.	med. fac.
Ov.	medic. fac. fem.	Ov.	med. fac.
Ov.	Ib. 	Ov.	Ib.
Ov.	met. 	Ov.	met.
Ov.	trist. 	Ov.	trist.
Ov.	amor.	Ov.	am.
Ov.	art. am.	Ov.	am.
Ov.	rem. am.	Ov.	am.
Ov.	fast.	Ov.	Fast.
Ov.	ex Pont. 	Ov.	ex Pont.
Ov.	ex. Pont.	Ov.	ex Pont.
Testam.	porcell.	Testam.	porc.
Coripp.	Iustin.	Coripp.	Iust.
Coripp.	de laud. Iustin. iun.	Coripp.	Iust.
Coripp.	in laud. Iustin. Aug. min.	Coripp.	Iust.
Coripp.	laud. Iust.	Coripp.	Iust.
Coripp.	Iohann.	Coripp.	Ioann.
Iust.	novell.	Iust.	nov.
Salmas.	exercitt. Plin.	Salmas.	Exerc. Plin.
Sex.	Ruf. brev.	Sex.	Ruf.
Sex.	Placit. parab. medic.	Sex.	Placit.
Ct.	in Iurispr. Anteiust.	Ct.	Iustin.
Seren.	Samm.	Seren.	Sam.
Casaub.	Suet. Caes.	Casaub.	Suet. Aug.
Interpr.	ad Smyrn.	Interpr.	ad Paul. sent.
Interpr.	in Levit. homil.	Interpr.	in Levit. hom.
Interpr.	in Matth. 	Interpr.	in Matth.
Interpr.	in Matth. comm.	Interpr.	in Matth.
Interpr.	ad Verg. Aen.	Interpr.	Vergil. Aen.
Interpr.	ad Cod. Theod.	Interpr.	Cod. Theod.
Interpr.	Iren. praef.	Interpr.	Iren.
Parid.	exc. Val. Max.	Parid.	epit. Val. Max.
Sidon.	praef. carm.	Sidon.	carm.
Sidon.	in ep.	Sidon.	ep.
Sidon.	epist.	Sidon.	ep.
Not.	dign. occid.	Not.	dign. occ.
Not.	dign. or.	Not.	dign. occ.
Not.	Tir. 	Not.	Tir.
Not.	Tiron.	Not.	Tir.
Eugipp.	vit. Severin.	Eugipp.	vit. Sever.
Eugipp.	vit. Severin. prol.	Eugipp.	vit. Sever.
Tarrunt.	dig.	Tarrunt.	Pat. dig.
Tarrunt.	Patern. dig.	Tarrunt.	Pat. dig.
Drak.	Liv. epit.	Drak.	Liv.
Burm.	Ov. trist.	Burm.	Ov. am.
Burm.	Ps. Ov. her.	Burm.	Ov. am.
Burm.	Ov. met.	Burm.	Ov. am.
Burm.	Ov. fast.	Burm.	Ov. am.
Liv.	lib.	Liv.	fr. libr.
Liv.	Andr. Odyss.	Liv.	Andr.
Liv.	Andr. Odyss. fr.	Liv.	Andr.
Liv.	Andr. com.	Liv.	Andr.
Liv.	Andr. tr.	Liv.	Andr.
Liv.	Andr. tr. 	Liv.	Andr.
Liv.	fr.	Liv.	Andr. tr. fr.
Liv.	fr. lib.	Liv.	Andr. tr. fr.
Liv.	epit.	Liv.	ep.
Iustin.	nov.	Iustin.	epit. nov.
Iustin.	praef.	Iustin.	dig. praef.
Laber.	com. 	Laber.	com.
Laber.	com. inc. fab.	Laber.	com.
Fab.	Pict. ap. Serv. Verg. georg.	Fab.	Pict.
Exc.	ex Charis.	Exc.	Charis.
Exc.	ex Charis. gr.	Exc.	Charis.
Exc.	Vales. Amm.	Exc.	Amm.
Vopisc.	Bonos.	Vopisc.	Bon.
Vopisc.	Aurel.	Vopisc.	Aur.
Vopisc.	Florian.	Vopisc.	Flor.
Vopisc.	Carin.	Vopisc.	Car.
Vopisc.	Proc.	Vopisc.	Prob.
Vopisc.	Prop.	Vopisc.	Prob.
Vopisc.	Saturn.	Vopisc.	Sat.
Monum.	Ancyr.	Monum.	Anc.
Monum.	Ancyr. tab.	Monum.	Anc.
Mar. Victorin.	in rhet. Cic.	Mar. Victorin.	in II. rhet. Cic.
Mar. Victorin.	de gen. verb.	Mar. Victorin.	de gen. div. verb.
Mar. Victorin.	art. gramm.	Mar. Victorin.	art. gr.
Sen.	ad. Helv.	Sen.	ad Helv.
Sen.	nat. qu.	Sen.	nat.
Sen.	nat. qu. prol.	Sen.	nat.
Sen.	nat. quaest.	Sen.	nat.
Sen.	nat. quaest. prol.	Sen.	nat.
Sen.	qu. nat.	Sen.	nat.
Sen.	de const.	Sen.	const.
Sen.	de const. anim.	Sen.	const.
Sen.	de const. sap.	Sen.	const.
Sen.	contr. exc.	Sen.	const.
Sen.	de dem.	Sen.	Agam.
Sen.	Octav. 	Sen.	Octav.
Sen.	apoc. 	Sen.	apoc.
Sen.	poët. apoc.	Sen.	apoc.
Sen.	apol.	Sen.	apoc.
Sen.	Oedip.	Sen.	Oed.
Sen.	fragm. Oedip.	Sen.	Oed.
Sen.	op. vol.	Sen.	op. tom.
Sen.	Phoen. fr.	Sen.	Phoen.
Sen.	Troad.	Sen.	Tro.
Sen.	contr.	Sen.	Tro.
Sen.	exc. contr.	Sen.	Tro.
Sen.	epigr.	Sen.	ep.
Sen.	tranqu.	Sen.	de tranqu.
Sen.	de tranqu. an.	Sen.	de tranqu.
Sen.	de tranqu. anim.	Sen.	de tranqu.
Sen.	prov.	Sen.	de prov.
Sen.	fr. no.	Sen.	fr.
Sen.	Thyest.	Sen.	Thy.
Sen.	rem.	Sen.	de rem. fort.
Paulin.	in Augustin. epist.	Paulin.	in Augustin. ep.
Paulin.	Nolan. carm.	Paulin.	Nol. carm.
Hor.	carm. 	Hor.	carm.
Hor.	carm. saec.	Hor.	carm.
Hor.	carm. saecul.	Hor.	carm.
Hor.	ep. 	Hor.	ep.
Hor.	epist.	Hor.	ep.
Hor.	epod.	Hor.	ep.
Hor.	de art. poët.	Hor.	art. poët.
Hor.	de art. poët. 	Hor.	art. poët.
Hor.	de art. poet.	Hor.	art. poët.
Spicil.	Soloesm.	Spicil.	Solesm.
Spicil.	Solesm. IV.	Spicil.	Solesm.
Spicil.	Solesm. tom.	Spicil.	Solesm.
Pacat.	pan. Theod.	Pacat.	pan.
Schol.	ad Stat. Theb.	Schol.	Stat. Theb.
Schol.	Gron. Cic. Marc.	Schol.	Cic. Gron.
Schol.	ad Germanic. prognost. tom.	Schol.	ad Cic. Arch.
Schol.	Cruqu. Hor. ep.	Schol.	Cruq. Hor. ep.
Schol.	Cruq. Hor. epod.	Schol.	Cruq. Hor. ep.
Schol.	Cruq. Hor. sat.	Schol.	Cruq. Hor. ep.
Schol.	ad Cic. Planc.	Schol.	ad Cic. Flacc.
Schol.	ad German. Arat.	Schol.	German. Arat.
Schol.	Germanic. Arat.	Schol.	German. Arat.
Schol.	in Caes. German. Arat.	Schol.	German. Arat.
Schol.	Hor. carm.	Schol.	Acron. Hor. serm.
Schol.	Hor. ep.	Schol.	Acron. Hor. serm.
Schol.	Hor. epod.	Schol.	Acron. Hor. serm.
Schol.	Hor. sat.	Schol.	Acron. Hor. serm.
Schol.	Cruq. Hor. carm.	Schol.	Acron. Hor. serm.
Schol.	Bern. Verg. ecl.	Schol.	Bern. Verg. buc.
Schol.	in Verg. ecl.	Schol.	Bern. Verg. buc.
Schol.	ad Verg. buc.	Schol.	Bern. Verg. buc.
Schol.	Caes. Germ. Arat.	Schol.	Caes. Germ.
Schol.	ad Caes. Germ. Arat.	Schol.	Caes. Germ.
Schol.	ad Caes. German. Arat.	Schol.	Caes. Germ.
Schol.	ad Caes. Germanic.	Schol.	Caes. Germ.
Schol.	ad Caes. Germanic. Arat.	Schol.	Caes. Germ.
Schol.	de art. poët.	Schol.	ad Hor. art. poët.
Schol.	Lucan.	Schol.	Bern. Lucan.
Schol.	in Lucan.	Schol.	Bern. Lucan.
Schol.	Bern. Verg. bucol.	Schol.	Bern. Lucan.
Schol.	Bern. Verg. georg.	Schol.	Bern. Lucan.
Schol.	ad Lucan.	Schol.	Bern. Lucan.
Schol.	Pers. prol.	Schol.	Pers.
Schol.	ad Pers.	Schol.	Pers.
Schol.	Bob. Cic. Flacc.	Schol.	Bob.
Schol.	Bob. Cic. Planc.	Schol.	Bob.
Schol.	Bob. Cic. Sest.	Schol.	Bob.
Schol.	ad Verg. georg. 	Schol.	ad Verg. georg.
Schol.	ad Germanic. Arat.	Schol.	ad Cic. Mil.
Ps. Sen.	ad Paul. apost.	Ps. Sen.	ad Paul.
Ps. Sen.	ep. ad. Paul.	Ps. Sen.	ad Paul.
Cic.	Caesin.	Cic.	Cael.
Cic.	Lael.	Cic.	Cael.
Cic.	Marc.	Cic.	Arch.
Cic.	ep.	Cic.	de rep.
Cic.	Catil.	Cic.	Cat.
Cic.	Vgl. Bünem. Lact.	Cic.	Cat.
Cic.	Tull.	Cic.	Sull.
Cic.	oratt. fr. inc.	Cic.	oratt. commentariis. Haun.
Cic.	de amic. 	Cic.	de amic.
Cic.	de nat.	Cic.	Quint.
Cic.	Verr.	Cic.	II. Verr.
Cic.	de inv.	Cic.	II. Verr.
Cic.	Acad.	Cic.	Ac.
Cic.	Acad. II. fr.	Cic.	Ac.
Cic.	Acad. fr.	Cic.	Ac.
Cic.	Acad. fr. inc.	Cic.	Ac.
Cic.	Acad. lib.	Cic.	Ac.
Cic.	de divin.	Cic.	de div.
Cic.	Planc. 	Cic.	Planc.
Cic.	Rosc. Am. 	Cic.	Rosc. Am.
Cic.	Rosc. Amer.	Cic.	Rosc. Am.
Cic.	Rosc. com.	Cic.	Rosc. Am.
Cic.	top. 	Cic.	top.
Cic.	top. lib.	Cic.	top.
Cic.	topic.	Cic.	top.
Cic.	fat.	Cic.	de fat.
Cic.	Pis. 	Cic.	Pis.
Cic.	in Pis.	Cic.	Pis.
Cic.	epist.	Cic.	Pis.
Cic.	fr. epist.	Cic.	Pis.
Cic.	oecon. fr.	Cic.	Oecon. fr.
Cic.	oec. fr.	Cic.	Oecon. fr.
Cic.	ep. fr.	Cic.	Oecon. fr.
Cic.	fr. inc.	Cic.	Oecon. fr.
Cic.	Hortens. fr. no.	Cic.	Hortens. fr.
Cic.	Pis. fr.	Cic.	Hortens. fr.
Cic.	de leg. agr.	Cic.	agr.
Cic.	de lege. agr.	Cic.	agr.
Cic.	Caecin. 	Cic.	Caecin.
Cic.	in Caec.	Cic.	Caecin.
Cic.	in Caecil.	Cic.	Caecin.
Cic.	Phil.	Cic.	Phii.
Cic.	Sest. 	Cic.	Sest.
Cic.	ad Att. 	Cic.	ad Att.
Cic.	ad. Att.	Cic.	ad Att.
Cic.	de pet. cons.	Cic.	de pet.
Cic.	pet. cons.	Cic.	de pet.
Cic.	poët. or.	Cic.	Protag. fr.
Cic.	de imp. Pomp.	Cic.	de imp. Cn. Pomp.
Cic.	poët. Tusc.	Cic.	Poët. Tusc.
Cic.	Tus.	Cic.	Poët. Tusc.
Cic.	Tusc.	Cic.	Poët. Tusc.
Cic.	tusc.	Cic.	Poët. Tusc.
Cic.	Quinct. 	Cic.	Quinct.
Cic.	de or.	Cic.	Cornel.
Cic.	or.	Cic.	Cornel.
Cic.	or. 	Cic.	Cornel.
Cic.	Ecl.	Cic.	Cornel.
Cic.	ecl.	Cic.	Cornel.
Cic.	Scaur. fr.	Cic.	Scaur.
Cic.	fragm.	Cic.	ep. fragm.
Cic.	Vatin.	Cic.	Vat.
Cic.	de sen.	Cic.	de Sen.
Cic.	de sen. 	Cic.	de Sen.
Cic.	Rab. post.	Cic.	Rab. Post.
Cic.	Rab. post. 	Cic.	Rab. Post.
Cic.	Rabir. Post.	Cic.	Rab. Post.
Cic.	de consul. fr. inc.	Cic.	consol. fr.
Cic.	Deiot.	Cic.	Dei.
Cic.	Mur. 	Cic.	Mur.
Cic.	Muren.	Cic.	Mur.
Cic.	Clu. 	Cic.	Clu.
Cic.	clu.	Cic.	Clu.
Cic.	Cluent.	Cic.	Clu.
Cic.	in tog. cand. fr.	Cic.	de tog. cand. fr.
Cic.	Brut. 	Cic.	Brut.
Cic.	ad Brut.	Cic.	Brut.
Cic.	har. resp.	Cic.	de har. resp.
Cic.	de harusp. resp.	Cic.	de har. resp.
Cic.	Font. fr.	Cic.	Font.
Cic.	petit. cons.	Cic.	de petit. cons.
Cic.	off.	Cic.	de off.
Cic.	nat. deor.	Cic.	de nat. deor.
Cic.	Rabir. perd.	Cic.	Rab. perd.
Cic.	Mil.	Cic.	Manil.
Cic.	Flacc. 	Cic.	Flacc.
Cic.	de fin.	Cic.	Flacc.
Cic.	prov. cons.	Cic.	de prov. cons.
Cic.	Arat. fr. II.	Cic.	Arat.
Cic.	Arat. phaen.	Cic.	Arat.
Cic.	de orat.	Cic.	Arat.
Cic.	orat.	Cic.	Arat.
Cic.	part. or.	Cic.	Arat.
Cic.	in Clod. fr.	Cic.	Clod.
Cic.	parad. prooem.	Cic.	Acad. pr.
Veget.	mul. praef.	Veget.	mul.
Eumen.	ad Constant.	Eumen.	Constant.
Eumen.	grat. act. Constant.	Eumen.	Constant.
Eumen.	pan. Constant.	Eumen.	Constant.
Eumen.	pan. Constant. Aug.	Eumen.	Constant.
Eumen.	pan. Constant. Caes.	Eumen.	Constant.
Eumen.	grat. act.	Eumen.	grat. acr.
Eumen.	pan. Const. Caes.	Eumen.	ad Const.
Eumen.	paneg. Const.	Eumen.	ad Const.
Eumen.	pan. Const.	Eumen.	ad Const.
Sext.	Ruf. brev.	Sext.	Ruf.
Sext.	de medic.	Sext.	Plac. medic.
Lact.	de mort. persec.	Lact.	de mort. pere.
Lact.	de mort. pers.	Lact.	de mort. pere.
Lact.	Plac. narr. fab. lib.	Lact.	Plac. narr. fab.
Lact.	fab.	Lact.	Plac. narr. fab.
Lact.	Placid. argum. Ovid. met. lib.	Lact.	Placid.
Lact.	Placid. fab.	Lact.	Placid.
Lact.	de Phoen.	Lact.	Phoen.
Lact.	Stat. Theb.	Lact.	Plac. Stat. Theb.
Lact.	inst.	Lact.	Plac. Stat. Theb.
Lact.	Plac. fab.	Lact.	Plac. Stat. Theb.
Lact.	ad Stat. Theb.	Lact.	Plac. Stat. Theb.
Tac.	ann. 	Tac.	ann.
Tac.	ann. Bd.	Tac.	ann.
Tac.	ann. lib.	Tac.	ann.
Tac.	ann. vol.	Tac.	ann.
Tac.	Agric.	Tac.	Agr.
Tac.	hist.	Tac.	Hist.
Tac.	bist.	Tac.	Hist.
Tac.	Vgl. Drak. Liv.	Tac.	Vgl.
Tac.	Vgl. Nipperd. Tac. ann.	Tac.	Vgl.
Iuvenc.	in levit. etc.	Iuvenc.	in Levit.
Auct.	in Liv.	Auct.	ad Liv.
Auct.	ad Messal.	Auct.	ad Liv.
Auct.	ad Plaut. Men.	Auct.	ad Liv.
Auct.	inc. pan. Constant. Caes.	Auct.	Vict. Caes.
Auct.	prol. Plaut. Cas.	Auct.	prol. Plaut. Amph.
Auct.	prol. Plaut. Men.	Auct.	prol. Plaut. Amph.
Auct.	prol. Plaut. Poen.	Auct.	prol. Plaut. Amph.
Auct.	prol. Plaut. capt. prol.	Auct.	prol. Plaut. Amph.
Auct.	prol. Plaut. truc.	Auct.	prol. Plaut. Amph.
Auct.	pervig. Ven.	Auct.	perv. Ven.
Auct.	de idiom. gen.	Auct.	de gen. idiom.
Auct.	de idiom.	Auct.	de gen. idiom.
Auct.	de idiot. gen.	Auct.	de gen. idiom.
Auct.	in Pis.	Auct.	ad Pis.
Auct.	ad Pison.	Auct.	ad Pis.
Auct.	itin. Alex.	Auct.	it. Alex.
Auct.	inc. pan. Constant. Aug.	Auct.	de progen. Aug.
Auct.	incert. grat. act. Constant. Aug.	Auct.	de progen. Aug.
Auct.	schem. dian.	Auct.	de schem. dian.
Auct.	pan. Constant. Aug.	Auct.	inc. pan. Constant.
Auct.	class. tom.	Auct.	class.
Auct.	epit. Iliad. Hom.	Auct.	Vict. epit.
Auct.	de libr. partt.	Auct.	de libr.
Vet.	ad Hor. sat.	Vet.	Schol. Hor. sat.
Att.	fr. Brut.	Att.	fr.
Fragm.	Vatic.	Fragm.	Vat.
Fragm.	iur. Rom. Vatic.	Fragm.	Vat.
Fulgent.	continent. Verg.	Fulgent.	contin. Verg.
Fulgent.	continent. Virg.	Fulgent.	contin. Verg.
Fulgent.	contin. Virgil.	Fulgent.	contin. Verg.
Compend.	Vitruv.	Compend.	Vitr.
Plaut.	truc. prol.	Plaut.	trin. prol.
Plaut.	Amph. 	Plaut.	Amph.
Plaut.	Amph. pr.	Plaut.	Amph.
Plaut.	Amph. prol.	Plaut.	Amph.
Plaut.	Amphitr. prol.	Plaut.	Amph.
Plaut.	Cas. 	Plaut.	Cas.
Plaut.	Casin.	Plaut.	Cas.
Plaut.	Cas. prol.	Plaut.	Cas.
Plaut.	Poen. 	Plaut.	Poen.
Plaut.	Poen. pr.	Plaut.	Poen.
Plaut.	Poen. prol.	Plaut.	Poen.
Plaut.	aul. 	Plaut.	aul.
Plaut.	aul. prol.	Plaut.	aul.
Plaut.	aulul.	Plaut.	aul.
Plaut.	aulul. argum.	Plaut.	aul.
Plaut.	rud. 	Plaut.	rud.
Plaut.	rud. prol.	Plaut.	rud.
Plaut.	Curc. 	Plaut.	Curc.
Plaut.	Cure.	Plaut.	Curc.
Plaut.	Vidul. fr.	Plaut.	Vid. fr.
Plaut.	vidul. fr.	Plaut.	Vid. fr.
Plaut.	asin.	Plaut.	Astr. fr.
Plaut.	asin. 	Plaut.	Astr. fr.
Plaut.	fr.	Plaut.	Astr. fr.
Plaut.	trin.	Plaut.	Astr. fr.
Plaut.	trin. 	Plaut.	Astr. fr.
Plaut.	merc. 	Plaut.	merc.
Plaut.	merc. prol.	Plaut.	merc.
Plaut.	truc. 	Plaut.	truc.
Plaut.	fr. inc.	Plaut.	Nervol. fr.
Plaut.	capt. 	Plaut.	capt.
Plaut.	capt. prol.	Plaut.	capt.
Plaut.	Pseud. 	Plaut.	Pseud.
Plaut.	Pseud. argum.	Plaut.	Pseud.
Plaut.	Bacch. 	Plaut.	Bacch.
Plaut.	Pers. 	Plaut.	Pers.
Plaut.	most.	Plaut.	Most.
Plaut.	most. 	Plaut.	Most.
Plaut.	most. argum.	Plaut.	Most.
Plaut.	cist.	Plaut.	Cist.
Plaut.	cist. fr.	Plaut.	Cist.
Plaut.	mil. 	Plaut.	mil.
Plaut.	Men. 	Plaut.	Men.
Plaut.	Men. prol.	Plaut.	Men.
Augustin.	de lib. arbitr.	Augustin.	de lib. arb.
Augustin.	lib. arbitr.	Augustin.	de lib. arb.
Augustin.	de quaest.	Augustin.	de div. quaest. qu.
Augustin.	quaest.	Augustin.	de div. quaest. qu.
Augustin.	in Iud. qu.	Augustin.	de div. quaest. qu.
Augustin.	in Levit. qu.	Augustin.	de div. quaest. qu.
Augustin.	in exod. qu.	Augustin.	de div. quaest. qu.
Augustin.	adv. Donat.	Augustin.	adv. Don.
Augustin.	dial.	Augustin.	de dial.
Augustin.	de ver. relig.	Augustin.	de ver. rel.
Augustin.	de peccat. merit.	Augustin.	de merit. peccat.
Augustin.	peccat. merit.	Augustin.	de merit. peccat.
Augustin.	de pecc. merit.	Augustin.	de merit. peccat.
Augustin.	medit.	Augustin.	de merit. peccat.
Augustin.	in Galat.	Augustin.	Galat.
Augustin.	in genes.	Augustin.	de genes.
Augustin.	in genes. qu.	Augustin.	de genes.
Augustin.	retract.	Augustin.	retr.
Augustin.	retract. prol.	Augustin.	retr.
Augustin.	de contin.	Augustin.	conf.
Augustin.	psalm.	Augustin.	in psalm.
Augustin.	in psalm. conc.	Augustin.	in psalm.
Augustin.	in psalm. serm.	Augustin.	in psalm.
Augustin.	de trin.	Augustin.	ad Parth. tract.
Augustin.	tract.	Augustin.	ad Parth. tract.
Augustin.	trin.	Augustin.	ad Parth. tract.
Augustin.	ad Roman.	Augustin.	ad Parth. tract.
Augustin.	ad lit.	Augustin.	ad Parth. tract.
Augustin.	epist.	Augustin.	ep.
Augustin.	in Hier. ep.	Augustin.	ep.
Augustin.	in Hieron. epist.	Augustin.	ep.
Augustin.	in heptat.	Augustin.	ep.
Augustin.	in hept.	Augustin.	de rhet.
Augustin.	de quant. anim.	Augustin.	de anim.
Augustin.	de quantit. anim.	Augustin.	de anim.
Augustin.	de duab. anim.	Augustin.	de anim.
Augustin.	in deut.	Augustin.	de util. cred.
Augustin.	de utilit. cred.	Augustin.	de util. cred.
Augustin.	op.	Augustin.	de op. monach.
Augustin.	de oper. monach.	Augustin.	de op. monach.
Augustin.	mus.	Augustin.	de mus.
Augustin.	music.	Augustin.	de music.
Augustin.	de cons. euang.	Augustin.	cons. euang.
Augustin.	de cons. evang.	Augustin.	cons. euang.
Augustin.	de consens. euang.	Augustin.	cons. euang.
Augustin.	in Ioann. euang. tract.	Augustin.	cons. euang.
Augustin.	in euang. Ioann. tract.	Augustin.	cons. euang.
Augustin.	de doctr. Chr.	Augustin.	de doct. Chr.
Augustin.	de doctr. chr.	Augustin.	de doct. Chr.
Augustin.	doctr. Chr.	Augustin.	de doct. Chr.
Augustin.	de doctr. Christ.	Augustin.	de doct. Chr.
Augustin.	de doctr. christ.	Augustin.	de doct. Chr.
Augustin.	op. imperf.	Augustin.	ad litt. op. imperf.
Augustin.	adv. Acad.	Augustin.	Acad.
Augustin.	de vit. beat.	Augustin.	de beat. vit.
Augustin.	in exod.	Augustin.	de exod.
Augustin.	in exod. 	Augustin.	de exod.
Augustin.	de ord.	Augustin.	de exod.
Augustin.	serm. app.	Augustin.	de serm. domin.
Augustin.	haeres.	Augustin.	de haeres.
Augustin.	de haeres. no.	Augustin.	de haeres.
Augustin.	catech. rud.	Augustin.	catech.
Augustin.	de catech. rud.	Augustin.	catech.
Augustin.	de categ.	Augustin.	catech.
Augustin.	de mor. eccl. cath.	Augustin.	catech.
Augustin.	mor. eccil. cath.	Augustin.	catech.
Augustin.	in Ioann. euang.	Augustin.	in Ioann.
Augustin.	in Ioann. tract.	Augustin.	in Ioann.
Augustin.	in euang. Ioann.	Augustin.	in Ioann.
Augustin.	mor. Manich.	Augustin.	de mor. Manich.
Augustin.	de mor. eccl.	Augustin.	de mor. Manich.
Augustin.	mor. eccl.	Augustin.	de mor. Manich.
Augustin.	de morib. Manich.	Augustin.	de mor. Manich.
Augustin.	specul.	Augustin.	spec.
Augustin.	de virginit.	Augustin.	de sanct. virgin.
Augustin.	ad litt.	Augustin.	ad Simplician.
Augustin.	ad litt. lib. imperf.	Augustin.	ad Simplician.
Augustin.	serm.	Augustin.	Serm.
Augustin.	serm. 	Augustin.	Serm.
Augustin.	de serm. apost.	Augustin.	Serm.
Augustin.	de serm. dom.	Augustin.	Serm.
Augustin.	don. persev.	Augustin.	de don. persev.
Augustin.	soliloqu.	Augustin.	solil.
Ambros.	de exc. fratr. Sat.	Ambros.	de exc. fratr.
Ambros.	hexaëm.	Ambros.	hex.
Ambros.	gest. concil. Aquilei.	Ambros.	gest. concil. Aquil.
Ambros.	instit. virg.	Ambros.	de instit. virg.
Ambros.	de laps. virg.	Ambros.	de instit. virg.
Ambros.	ep.	Ambros.	de Ioseph. patr.
Ambros.	exhort. virg.	Ambros.	exh. virg.
Ambros.	de incarn. domin.	Ambros.	de inc. dom. sacr.
Ambros.	de incarn. dom. sacr.	Ambros.	de inc. dom. sacr.
Ambros.	de sacram.	Ambros.	de inc. dom. sacr.
Ambros.	de incarn. dom. sacram.	Ambros.	de inc. dom. sacr.
Ambros.	de virg.	Ambros.	de inst. virg.
Ambros.	inst. virg.	Ambros.	de inst. virg.
Ambros.	de virgg.	Ambros.	de inst. virg.
Ambros.	in psalm. praef.	Ambros.	in psalm.
Ambros.	de Tob.	Ambros.	Tob.
Ambros.	de Tob. no.	Ambros.	Tob.
Ambros.	de spir. scto.	Ambros.	Tob.
Ambros.	in cant. cantic.	Ambros.	cant. cantic.
Ambros.	off.	Ambros.	de off.
Ambros.	de off. ministr.	Ambros.	de off.
Ambros.	de off. min.	Ambros.	de off.
Ambros.	off. min.	Ambros.	de off.
Ambros.	de fug. saecul.	Ambros.	de fug. saec.
Ambros.	de vid.	Ambros.	apol. David.
Ambros.	in Luc.	Ambros.	Luc.
Ambros.	in Luc. prol.	Ambros.	Luc.
Ambros.	de virg. consecr.	Ambros.	de laps. virg. consecr.
Macr.	somn. Scip.	Macr.	Somn. Scip.
Macr.	somn. Scip. 	Macr.	Somn. Scip.
Macr.	som. Scip.	Macr.	Somn. Scip.
Macr.	somm. Scip.	Macr.	Somn. Scip.
Macr.	sat. pr.	Macr.	sat.
Macr.	sat. praef.	Macr.	sat.
Macr.	de diff. etc.	Macr.	de diff.
Ruhnk.	Ter. heaut.	Ruhnk.	Ter. Hec.
Germ.	Arat. 	Germ.	Arat.
Ps. Quint.	decl. 	Ps. Quint.	decl.
Ps. Quint.	decl. Trib. Mar.	Ps. Quint.	decl. Mar. trib.
Ps. Quint.	decl. trib. Mar.	Ps. Quint.	decl. Mar. trib.
Ps. Quint.	decl. Tribun. Mar.	Ps. Quint.	decl. Mar. trib.
Ps. Quint.	trib. Marian.	Ps. Quint.	decl. trib. Marian.
Ps. Quint.	decl. tribun. Marian.	Ps. Quint.	decl. trib. Marian.
Ps. Quint.	trib. Marian. decl.	Ps. Quint.	decl. trib. Marian.
Fr.	Isid. orig.	Fr.	Isid.
Fr.	Gromat. vet.	Fr.	Grom. vet.
Ps. Tert.	carm. adv. Marc.	Ps. Tert.	adv. Marc. carm.
Ps. Tert.	poët. adv. Marc.	Ps. Tert.	adv. Marc. carm.
Schm.	Stat. Theb.	Schm.	Stat. Ach.
Fulg.	contin. Virg.	Fulg.	Virg. contin.
Fulg.	exp. serm. antiq.	Fulg.	exp. serm. ant.
Fulg.	expos. serm. ant.	Fulg.	exp. serm. ant.
Fulg.	expos. serm. ant. 	Fulg.	exp. serm. ant.
Fulg.	exp. serm. antiqu.	Fulg.	exp. serm. ant.
Fulg.	serm.	Fulg.	exp. serm. ant.
Fulg.	serm. ant. no.	Fulg.	serm. ant.
Fulg.	myth.	Fulg.	Myth.
Fulg.	myth. lib.	Fulg.	Myth.
Fulg.	myth. praef.	Fulg.	Myth.
Fulg.	myth. prooem.	Fulg.	Myth.
Fulg.	poët. Myth.	Fulg.	Myth.
Fulg.	expos.	Fulg.	de expos. Verg. cont.
Fulg.	aet. mund.	Fulg.	act. mund.
Fulg.	de aet. mund.	Fulg.	act. mund.
Fulg.	continent. Verg.	Fulg.	contin. Verg.
Fulg.	de continent. Verg.	Fulg.	contin. Verg.
Fulg.	Verg. contin.	Fulg.	Verg. cont.
Fulg.	cont. Verg.	Fulg.	Verg. cont.
Fulg.	de contin. Verg.	Fulg.	Verg. cont.
Fulg.	Virg. cont.	Fulg.	Verg. cont.
Gaud.	Donat.	Gaud.	Don.
Ser.	Sammon.	Ser.	Samm.
Afran.	com. 	Afran.	com.
Publil.	Syr. com.	Publil.	Syr.
Publil.	Optat. organ.	Publil.	Optat.
Paul.	ex Fest. 	Paul.	ex Fest.
Paul.	ex fest.	Paul.	ex Fest.
Paul.	ex. Fest.	Paul.	ex Fest.
Paul.	Petric.	Paul.	Petr.
Paul.	ad Auson.	Paul.	ad Aus. carm.
Paul.	ad Sever.	Paul.	ad Aus. carm.
Paul.	in Auson. epist.	Paul.	in Augustin. epist.
Paul.	dig.	Paul.	Dig.
Paul.	sent.	Paul.	Sent.
Paul.	Nol. carm.	Paul.	Nol.
Paul.	Nol. ep.	Paul.	Nol.
Paul.	Nol. epist.	Paul.	Nol.
Paul.	Nol. nat.	Paul.	Nol.
Paul.	Nol. nat. Fel.	Paul.	Nol.
Donat.	ad Ter. eun.	Donat.	Ter. eun.
Donat.	ad Verg. Aen.	Donat.	Verg. Aen.
Donat.	vit. Vergil.	Donat.	vit. Verg.
Donat.	Ter. eun. prol.	Donat.	Ter. Hec.
Donat.	art. gramm.	Donat.	art. gr.
Donat.	ad Ter. Andr.	Donat.	Ter. Andr.
Donat.	Ter. Andr. prol.	Donat.	Ter. Andr.
Donat.	ad Ter. Andr. prol.	Donat.	Ter. Andr.
Donat.	Ter. Phorm. prol.	Donat.	Ter. Andr.
Donat.	Ter. adelph. prol.	Donat.	Ter. Andr.
Donat.	ad Ter. argum. Andr. vol.	Donat.	Ter. adelph.
Donat.	ad Ter. adelph.	Donat.	Ter. adelph.
Donat.	ad Ter. Phorm.	Donat.	Ter. Phorm.
Donat.	ad Ter. Phorm. prol.	Donat.	Ter. Phorm.
Tragic.	inc. fab. inc.	Tragic.	inc. fab.
Tragic.	inc. fr.	Tragic.	inc. fab.
Sacerd.	art. gramm.	Sacerd.	art. gr.
Argum.	Plaut. capt.	Argum.	Plaut. Epid.
Cassian.	incarn.	Cassian.	de incarn.
Cassian.	inst.	Cassian.	Nest.
Cassian.	inc. Chr.	Cassian.	de inc. Chr.
Cassian.	inst. coen.	Cassian.	coen. inst.
Cassian.	coenob. inst.	Cassian.	coen. inst.
Cassian.	de coenob. inst.	Cassian.	coen. inst.
Cassian.	de coenob. instit.	Cassian.	coen. inst.
Cassian.	incarn. Chr.	Cassian.	de incarn. Chr.
Cassian.	coll. 	Cassian.	coll.
Cassian.	coll. patr.	Cassian.	coll.
Cassian.	collat.	Cassian.	coll.
Cassian.	collat. patr.	Cassian.	coll.
Cassian.	conl.	Cassian.	coll.
Aristot.	topic.	Aristot.	top.
Aristot.	anal. poster.	Aristot.	anal. post.
Aristot.	analyt. post.	Aristot.	anal. post.
Aristot.	anal. pr.	Aristot.	anal. post.
Aristot.	anal. prior.	Aristot.	anal. post.
Aristot.	elench. soph.	Aristot.	elench.
Aristot.	elench. sophist.	Aristot.	elench.
Aristot.	herm. sec.	Aristot.	de interpr. ed. sec.
Ps. Ascon.	in Cic. II. Verr.	Ps. Ascon.	Cic. II. Verr.
Ps. Ascon.	Cic. Verr.	Ps. Ascon.	Cic. II. Verr.
Ps. Ascon.	ad Cic. II. Verr.	Ps. Ascon.	Cic. II. Verr.
Ps. Ascon.	II. Verr.	Ps. Ascon.	Cic. II. Verr.
Ps. Ascon.	ad Cic. Verr.	Ps. Ascon.	Cic. II. Verr.
Ps. Ascon.	in Caecil.	Ps. Ascon.	in Caec.
Acc.	tr. Brut.	Acc.	Brut.
Acc.	tr. 	Acc.	tr.
Acc.	tr. inc. fab.	Acc.	tr.
Acc.	trag.	Acc.	tr.
Acc.	fr.	Acc.	ann. fr. inc.
Acc.	tr. Aen.	Acc.	Aen.
Fast.	ann. Iul. Praen. Mart.	Fast.	Praen. Apr.
Fast.	Maff. Iul.	Fast.	Maff.
Fast.	ann. Iul. Maff. fragm.	Fast.	Maff.
Phaedr.	fab. app.	Phaedr.	fab.
Ambr.	hexaëm.	Ambr.	hex.
Chalcid.	Tim. 	Chalcid.	Tim.
Chalcid.	Tim. prooem.	Chalcid.	Tim.
Chalcid.	in Plat. Tim.	Chalcid.	Tim.
Pelagon.	vet.	Pelagon.	art. veterin.
Pelagon.	vet. 	Pelagon.	art. veterin.
Pelagon.	veterin.	Pelagon.	art. veterin.
Val.	in Verg.	Val.	Prob. vit. Verg. in.
Pers.	prol.	Pers.	pr.
Serv.	Verg. georg. prooem.	Serv.	Verg. ecl.
Serv.	ad Verg. bucol.	Serv.	Verg. ecl.
Serv.	in art. Donat.	Serv.	in Donat.
Serv.	ad Verg. georg.	Serv.	Verg. georg.
Serv.	in Endlich. Anal. gramm.	Serv.	gramm.
Serv.	Cass. Verg. Aen.	Serv.	Aen.
Serv.	Verg. Aen.	Serv.	Aen.
Serv.	Verg. Aen. 	Serv.	Aen.
Serv.	auct. Aen.	Serv.	Aen.
Serv.	Verg. Asen.	Serv.	Verg.
Serv.	Verg. eccl.	Serv.	Verg.
Serv.	de cent. metr.	Serv.	cent. metr.
Serv.	in Cic. ep.	Serv.	ap. Cic. top.
Arcad.	dig.	Arcad.	Charis. dig.
Gloss.	nom.	Gloss.	Nom.
Gloss.	Paris. no.	Gloss.	Nom.
Oros.	lib. apol.	Oros.	apol.
Oros.	prol.	Oros.	apol.
Mar.	Plot. Sacerd.	Mar.	Plot.
Mar.	Merc. subnot.	Mar.	Merc. subn.
Mar.	Mercat. subnot.	Mar.	Merc. subn.
Mar.	Vict. art. gr.	Mar.	Vict.
Mar.	Victor.	Mar.	Vict.
Mar.	Victor. art. gr.	Mar.	Vict.
Mar.	fescenn.	Mar.	fesc.
Carm.	epigr.	Carm.	epig.
Ruf.	invect. Hieron.	Ruf.	in Hieron.
Ruf.	Fest. brev.	Ruf.	Fest.
Tert.	orat.	Tert.	de orat.
Tert.	adv. gnost.	Tert.	adv. Gnost.
Tert.	adv. Marc. carm.	Tert.	adv. Gnost.
Tert.	praescr. adv. haer.	Tert.	adv. Gnost.
Tert.	de exhort. cast.	Tert.	de exh. cast.
Tert.	exhort. cast.	Tert.	de exh. cast.
Tert.	idol.	Tert.	de idol.
Tert.	de anim.	Tert.	anim.
Tert.	de anim. 	Tert.	anim.
Tert.	de test. anim.	Tert.	anim.
Tert.	de testim. anim.	Tert.	anim.
Tert.	test. anim.	Tert.	anim.
Tert.	de carn. Christ.	Tert.	carn. Christ.
Tert.	de carn. Chr.	Tert.	carn. Christ.
Tert.	de car. Chr.	Tert.	carn. Christ.
Tert.	spect.	Tert.	de spect.
Tert.	spect. 	Tert.	de spect.
Tert.	ad Scapul.	Tert.	ad Scap.
Tert.	de exhort. castit.	Tert.	ad castit.
Tert.	exh. castit.	Tert.	ad castit.
Tert.	de pat.	Tert.	de bapt.
Tert.	de pat. 	Tert.	de bapt.
Tert.	de cor. mil.	Tert.	cor. mil.
Tert.	de coron. mil.	Tert.	cor. mil.
Tert.	ad martyr.	Tert.	ad mart.
Tert.	adv. Mart.	Tert.	ad mart.
Tert.	adv. martyr.	Tert.	ad mart.
Tert.	adv. Marc.	Tert.	ad mart.
Tert.	de paen. 	Tert.	de paen.
Tert.	apol. 	Tert.	apol.
Tert.	de iudic. Dom.	Tert.	de iudic.
Tert.	de iudic. dom.	Tert.	de iudic.
Tert.	iudic. dom.	Tert.	de iudic.
Tert.	de pudic.	Tert.	de iudic.
Tert.	de paenit. 	Tert.	de paenit.
Tert.	poët. adv. Marc.	Tert.	adv. Iud.
Tert.	de fug. pers.	Tert.	de fug.
Tert.	monog.	Tert.	de monog.
Tert.	de monol.	Tert.	de monog.
Tert.	monogr.	Tert.	de monog.
Tert.	praescr.	Tert.	de praescr.
Tert.	de praescr. haeret.	Tert.	de praescr.
Tert.	praescr. haeret.	Tert.	de praescr.
Tert.	de praescr. haer.	Tert.	de praescr.
Tert.	adv. Psych.	Tert.	ad psych.
Tert.	adv. psych.	Tert.	ad psych.
Tert.	de ieiun. adv. Psych.	Tert.	ad psych.
Tert.	de habit. mul.	Tert.	de hab. mul.
Tert.	de hab. mulier.	Tert.	de hab. mul.
Tert.	de virg. vel.	Tert.	de vel. virg.
Tert.	ad. nat.	Tert.	ad senat.
Tert.	adv. nat.	Tert.	ad senat.
Tert.	adv. Hermog.	Tert.	ad Hermog.
Tert.	adv. Hermog. 	Tert.	ad Hermog.
Tert.	ad nat.	Tert.	ad Hermog.
Tert.	ad ux.	Tert.	ad Hermog.
Tert.	adv. Herm.	Tert.	ad Hermog.
Tert.	adv. haeret.	Tert.	adv. haer.
Tert.	de res. carn. 	Tert.	de res. carn.
Tert.	res. carn.	Tert.	de res. carn.
Tert.	de resurr. carn.	Tert.	de res. carn.
Tert.	scorp.	Tert.	Scorp.
Tert.	de cor.	Tert.	Scorp.
Tert.	de or.	Tert.	Scorp.
Tert.	adv. Prax.	Tert.	Prax.
Tert.	adv. Valent.	Tert.	adv. Val.
Tert.	adv. uxor.	Tert.	ad uxor.
Nipp.	Nep. Thras.	Nipp.	Nep. Ages.
Ps.	de art. geom.	Ps.	Boëth. art. geom.
Ps.	Boëth. grom.	Ps.	Boëth. art. geom.
Itin.	Hierosolym.	Itin.	Hieros.
Itin.	Alex. praef.	Itin.	Alex.
Itin.	Anton.	Itin.	Ant.
Itin.	Anton. 	Itin.	Ant.
Caes.	German. phaen.	Caes.	Germ. phaen.
Caes.	German. phaen. 	Caes.	Germ. phaen.
Caes.	German. Arat.	Caes.	Germ. Arat.
Caes.	Germ. fr.	Caes.	Germ. Arat.
Caes.	Arelat. epist.	Caes.	Arel.
Caes.	in Cic. ep.	Caes.	ep.
Greg. Tur.	de glor. mart.	Greg. Tur.	Mart.
Greg. Tur.	glor. conf.	Greg. Tur.	de glor. conf.
Miscell.	Lat. part.	Miscell.	Lat.
Miscell.	Latinit.	Miscell.	Lat.
Plot.	Sacerd. art. gramm.	Plot.	Sacerd.
Arnob.	in psalm. 	Arnob.	in psalm.
Calp.	decl.	Calp.	Fl. decl.
Calp.	ecl.	Calp.	Fl. decl.
Calp.	Flacc. decl.	Calp.	Fl. decl.
Gran.	Licin. lib.	Gran.	Lic. lib.
Gran.	Licin.	Gran.	Lic. lib.
Treb.	Poll. Gall.	Treb.	Poll.
Treb.	Poll. Gallien.	Treb.	Poll.
Treb.	Poll. Maximin. duor.	Treb.	Poll.
Treb.	Poll. Valer. iun.	Treb.	Poll. Valer.
Treb.	Poll. trig. tyrann.	Treb.	Poll. Valer.
Treb.	Poll. Claud.	Treb.	Poli. Claud.
Treb.	Poll. Cl.	Treb.	Poli. Claud.
Censor.	fragm.	Censor.	fr.
Censor.	frgm.	Censor.	fr.
Anon.	de solemnit.	Anon.	de solemn.
Soran.	Latin.	Soran.	Lat.
Soran.	lat.	Soran.	Lat.
Hieron.	in Ruf.	Hieron.	adv. Rufin.
Hieron.	Isai.	Hieron.	Iesai.
Hieron.	in Isai.	Hieron.	Iesai.
Hieron.	in Isai. lib.	Hieron.	Iesai.
Hieron.	in Isai. praef.	Hieron.	Iesai.
Hieron.	in Isai. prolog. in. tom.	Hieron.	Iesai.
Hieron.	adv. Pelag.	Hieron.	adv. Luciferian.
Hieron.	adv. Ruf.	Hieron.	adv. Luciferian.
Hieron.	homil.	Hieron.	cant. cantic. homil.
Hieron.	in cant.	Hieron.	cant. cantic. homil.
Hieron.	de spir. scto.	Hieron.	de spir. sanct.
Hieron.	in Ezech.	Hieron.	Ezech.
Hieron.	in Ezech. hom.	Hieron.	Ezech.
Hieron.	in Ezech. homil.	Hieron.	Ezech.
Hieron.	in Matth.	Hieron.	Matth.
Hieron.	in Matth. lib.	Hieron.	Matth.
Hieron.	in eccles. tom.	Hieron.	de interpr. nom. Hebr. tom.
Hieron.	vit. Paulin.	Hieron.	vit. Malch.
Hieron.	in Ier.	Hieron.	adv. Ioh. Hieros.
Hieron.	in Os.	Hieron.	adv. Ioh. Hieros.
Hieron.	adv. Iov.	Hieron.	adv. Ioh. Hieros.
Hieron.	adv. Vigil. no.	Hieron.	adv. Vigil.
Hieron.	in Helv.	Hieron.	adv. Helvid.
Hieron.	in Helvid.	Hieron.	adv. Helvid.
Hieron.	adv. Io. Hierosol. no.	Hieron.	adv. Helvid.
Hieron.	adv. Ioann. Hieros.	Hieron.	adv. Helvid.
Hieron.	in Helvid. no.	Hieron.	adv. Helvid.
Hieron.	Euseb. chron. prooem.	Hieron.	Euseb. chron.
Hieron.	ad Euseb. chron. lib.	Hieron.	Euseb. chron.
Hieron.	chron.	Hieron.	Euseb. chron.
Hieron.	vir. ill.	Hieron.	de vir. ill.
Hieron.	vir. ill. 	Hieron.	de vir. ill.
Hieron.	in Augustin. epist.	Hieron.	epist.
Hieron.	epitaph. Nepot. tom.	Hieron.	epist.
Hieron.	in eccl.	Hieron.	de mor. eccl. cath.
Hieron.	vit. Hilarion.	Hieron.	vit. Hil.
Hieron.	vit. Hilar.	Hieron.	vit. Hil.
Hieron.	vit. Paul. erem.	Hieron.	vit. Hil.
Hieron.	ad Iovin.	Hieron.	ad Eustoch.
Hieron.	ad Rufin.	Hieron.	ad Eustoch.
Hieron.	ad Tit.	Hieron.	ad Eustoch.
Hieron.	in Ion.	Hieron.	de trin.
Hieron.	ep.	Hieron.	ad Ephes.
Hieron.	in Ephes.	Hieron.	ad Ephes.
Hieron.	ad Eust. ep.	Hieron.	ad Ephes.
Hieron.	in Galat.	Hieron.	Galat.
Hieron.	ad Galat.	Hieron.	Galat.
Hieron.	ad Galat. lib.	Hieron.	Galat.
Hieron.	in Iov.	Hieron.	adv. Iovin.
Hieron.	vit. Hil. no.	Hieron.	in Ioann. Hierosol. no.
Scrib.	Larg. 	Scrib.	Larg.
Scrib.	targ.	Scrib.	Larg.
Ter.	adelph. 	Ter.	adelph.
Ter.	Phorm. 	Ter.	Phorm.
Ter.	Phorm. prol.	Ter.	Phorm.
Ter.	Andr. 	Ter.	Andr.
Ter.	Andr. prol.	Ter.	Andr.
Ter.	āndr.	Ter.	Andr.
Ter.	Hec. 	Ter.	Hec.
Ter.	Hec. prol.	Ter.	Hec.
Ter.	Hec. prol. alt.	Ter.	Hec.
Ter.	Hecyr.	Ter.	Hec.
Ter.	eun.	Ter.	Eun.
Ter.	eun. 	Ter.	Eun.
Ter.	eun. prol.	Ter.	Eun.
Ter.	heaut. 	Ter.	heaut.
Ter.	heaut. prol.	Ter.	heaut.
Ter.	heaut. tim. prol.	Ter.	heaut.
Mamert.	in Iul.	Mamert.	Iulian.
Mamert.	pan. Iulian.	Mamert.	Iulian.
Mamert.	grat. act.	Mamert.	Grat. act.
Mamert.	grat. act. Iul.	Mamert.	Grat. act.
Mamert.	grat. act. Iulian.	Mamert.	Grat. act.
Aur.	de rhet.	Aur.	Augustin. rhet.
Aur.	de morb. chron.	Aur.	chron.
Aur.	de morb. acut.	Aur.	acut.
Sabin.	epist.	Sabin.	ep.
Ps. Soran.	qu. medic.	Ps. Soran.	qu. med.
Hygin.	de mun. castr.	Hygin.	astr.
Hygin.	de munit. castr.	Hygin.	astr.
Atil.	de art. metr.	Atil.	Fortun. art. metr.
Cypr.	testim.	Cypr.	test.
Cypr.	idol. van.	Cypr.	de idol. van.
Cypr.	idol.	Cypr.	de idol.
Cypr.	de idol. vanit.	Cypr.	de idol.
Cypr.	epist.	Cypr.	ep.
Cypr.	sent. episc.	Cypr.	ep.
Cypr.	sent. episc. no.	Cypr.	ep.
Cypr.	ad Fortunat.	Cypr.	ad Donat.
Cypr.	ad Demetr.	Cypr.	ad Demedr.
Cypr.	ad Fort. praef.	Cypr.	ad Demedr.
Cypr.	de habit. virg.	Cypr.	de hab. virg.
Ennod.	diction.	Ennod.	dict.
Ennod.	epist.	Ennod.	ep.
Ennod.	vit. Epiphan.	Ennod.	ep.
Prudent.	psych. praef.	Prudent.	psych.
Eustath.	hexaëm.	Eustath.	hex.
Hyg.	astr. praef.	Hyg.	astr.
Hyg.	de castr. munit.	Hyg.	astr.
Hyg.	de mun. castr.	Hyg.	astr.
Hyg.	de munit. castr.	Hyg.	astr.
Hyg.	de munit. castr. 	Hyg.	astr.
Hyg.	fab. 	Hyg.	fab.
Hyg.	fab. praef.	Hyg.	fab.
Hyg.	fab. praef. in.	Hyg.	fab.
Hyg.	fab. praef. in. Verg. Aen.	Hyg.	fab.
Hyg.	fab. prooem.	Hyg.	fab.
Hyg.	poët. astr. praef.	Hyg.	poët. astr.
Socr.	prol. in.	Socr.	prol.
Socr.	prol. extr.	Socr.	prol.
Optat.	schism. Donat.	Optat.	de schism. Donat.
Bentl.	Hor. sat.	Bentl.	Hor. carm.
Col.	de arb.	Col.	arb.
Col.	poët.	Col.	poet.
Corp.	inscr.	Corp.	Inscr. Lat.
Corp.	inscr. Lat.	Corp.	Inscr. Lat.
Corp.	inscr. Lat. 	Corp.	Inscr. Lat.
Corp.	insicr. Lat.	Corp.	Inscr. Lat.
Corp.	inscr. Lat. vol.	Corp.	inscr. Lat. Vol.
Colum.	de arb.	Colum.	arb.
Spic.	Solesm.	Spic.	Sol.
Alc.	Avit. ep.	Alc.	Avit.
Alc.	Avit. epist.	Alc.	Avit.
Alc.	Avit. homil.	Alc.	Avit.
Alc.	Avit. poëm.	Alc.	Avit.
Spart.	Sev.	Spart.	Alex. Sev.
Spart.	Carac.	Spart.	Car.
Spart.	Get.	Spart.	Anton. Get.
Spart.	Hel. Ver.	Spart.	Hel.
Spart.	Heliog.	Spart.	Hel.
Spart.	Pesc. Nig.	Spart.	Pesc.
Spart.	Iul.	Spart.	Did. Iul.
Spart.	Did. Iulian.	Spart.	Did. Iul.
Spart.	Sever. 	Spart.	Sever.
Spart.	Ver.	Spart.	Sever.
Th.	Prisc. chr.	Th.	Prisc.
Th.	Prisc. chron.	Th.	Prisc.
Th.	Prisc. lib.	Th.	Prisc.
Th.	Prisc. medic. praes.	Th.	Prisc.
Th.	Prisc. praef. libr.	Th.	Prisc.
Apul.	de Plat.	Apul.	Plat.
Apul.	de Plat. 	Apul.	Plat.
Apul.	de dogm. Plat.	Apul.	Plat.
Apul.	doctr. Plat.	Apul.	Plat.
Apul.	dogm. Plat.	Apul.	Plat.
Apul.	apol. 	Apul.	apol.
Apul.	de apol.	Apul.	apol.
Apul.	poët. apol.	Apul.	apol.
Apul.	flor.	Apul.	Flor.
Apul.	de mund. 	Apul.	de mund.
Apul.	mund.	Apul.	de mund.
Apul.	de mund. praef. in. Prisc.	Apul.	de mund.
Apul.	met.	Apul.	Hildebr. Apul. met.
Apul.	met. 	Apul.	Hildebr. Apul. met.
Apul.	met. fr.	Apul.	Hildebr. Apul. met.
Apul.	met. fr. vol.	Apul.	Hildebr. Apul. met.
Apul.	Vgl. Hildebr. Apul. met.	Apul.	Hildebr. Apul. met.
Apul.	orthogr.	Apul.	de orthogr.
Apul.	de mag. 	Apul.	de mag.
Apul.	inc. libr. fr.	Apul.	fr. no.
Ascon.	in Scaur.	Ascon.	in Cic. Scaur.
Ascon.	in Cic. Pison.	Ascon.	in Cic. Pis.
Ascon.	Hor. sat.	Ascon.	Hor. carm.
Ascon.	in tog. cand.	Ascon.	de tog. cand.
Ascon.	in tog. cand. fr.	Ascon.	de tog. cand.
Ascon.	ad Cic. Mil.	Ascon.	Cic. Mil.
Ascon.	Cic. Mil. argum.	Ascon.	Cic. Mil.
Ascon.	Cic. Milon.	Ascon.	Cic. Mil.
Ascon.	ad Cic. tog. cand.	Ascon.	Cic. Mil.
Ascon.	in Cic. Pis. enarr.	Ascon.	Cic. Mil.
Orthogr.	Vergil.	Orthogr.	Verg.
Rutil.	Namat.	Rutil.	Nam.
Lucil.	fr. inc.	Lucil.	fr.
Lucil.	sat. fr.	Lucil.	fr.
Lucil.	sat. fr. inc.	Lucil.	fr.
Lucil.	sat. fr. inc. 	Lucil.	fr.
Lucil.	sat. inc.	Lucil.	sat.
Diom.	praef. in.	Diom.	praef. extr.
Manut.	Cic. ep.	Manut.	Cic. Rab. Post.
Lex.	technol. Latin. rhet.	Lex.	Technol. Lat. rhet.
Ps. Ov.	nuc.	Ps. Ov.	de nuc.
Frontin.	de aqu.	Frontin.	aqu.
Frontin.	strat.	Frontin.	Vgl. Oudend. Frontin. strat.
Frontin.	strat. praef.	Frontin.	Vgl. Oudend. Frontin. strat.
Frontin.	strat. praef. libr.	Frontin.	Vgl. Oudend. Frontin. strat.
Ps. Apul.	Ascl. 	Ps. Apul.	Ascl.
Ps. Apul.	Asclep.	Ps. Apul.	Ascl.
Ps. Apul.	doctr. Plat.	Ps. Apul.	de Plat.
Ps. Apul.	de dogm. Plat.	Ps. Apul.	de Plat.
Ps. Apul.	herb.	Ps. Apul.	de herb.
Ps. Apul.	herb. 	Ps. Apul.	de herb.
Ps. Apul.	herb. praef.	Ps. Apul.	de herb.
Ind.	lect. aestiv. Vratisl.	Ind.	lect. Berol.
Iustinian.	praef. novell.	Iustinian.	nov.
Iustinian.	praef.	Iustinian.	ep. praef. dig.
Sulp. Sev.	chron.	Sulp. Sev.	chr.
Sulp. Sev.	chronic.	Sulp. Sev.	chr.
Sulp. Sev.	vit. Mart.	Sulp. Sev.	de vit. Mart.
Sulp. Sev.	vit. Mart. praef.	Sulp. Sev.	de vit. Mart.
Sulp. Sev.	sat.	Sulp. Sev.	epist.
Sulp. Sev.	Victor. instit. orat.	Sulp. Sev.	Vict. inst. or.
Sulp. Sev.	ep.	Sulp. Sev.	app. ep.
Sulp. Sev.	app. epist.	Sulp. Sev.	app. ep.
Sulp. Sev.	append. ep.	Sulp. Sev.	app. ep.
Papir.	dig.	Papir.	Iust. dig.
Stat.	Achill.	Stat.	Ach.
Stat.	silv.	Stat.	Silv.
Stat.	sitv.	Stat.	Silv.
Stat.	Theb. 	Stat.	Theb.
Oribas.	fr. Bern.	Oribas.	fr.
Oribas.	fragm. Bern.	Oribas.	fr.
Oribas.	frgm. Bern.	Oribas.	fr.
Arist.	categ. syll. introd.	Arist.	categ.
Arist.	post. anal.	Arist.	anal. post.
Arist.	anal. pr.	Arist.	anal. post.
Nov.	com. 	Nov.	com.
Inc.	pan. Constant. Aug.	Inc.	pan. Const.
Uned.	Inschrn. no.	Uned.	Inschr. no.
Iulian.	antec. const.	Iulian.	Antec. const.
Iulian.	Antec. constit.	Iulian.	Antec. const.
Iulian.	epit. nov.	Iulian.	epit.
Ps. Ambros.	epist.	Ps. Ambros.	ep.
Publ.	Syr. mim. fr. inc.	Publ.	Syr. com.
Publ.	Syr. mim.	Publ.	Syr. com.
Suet.	Domit.	Suet.	Dom.
Suet.	tr.	Suet.	de vir. illustr.
Suet.	fr.	Suet.	de poët. fr.
Suet.	fr. ed. Reiffersch.	Suet.	de poët. fr.
Suet.	Vitell.	Suet.	Vit.
Suet.	vit. Hor.	Suet.	Vit.
Suet.	vit. Hor. extr.	Suet.	Vit.
Suet.	vit. Lucan.	Suet.	Vit.
Suet.	Caes. 	Suet.	Caes.
Suet.	Aug. 	Suet.	Aug.
Suet.	Aug. Caes.	Suet.	Aug.
Suet.	August.	Suet.	Aug.
Suet.	de vir. ill. fr.	Suet.	de vir. ill.
Suet.	vit. Ter.	Suet.	Vgl. Westerh. Ter. Hec. II. prol.
Suet.	gramm.	Suet.	gr.
Suet.	Vit. Ner.	Suet.	Ner.
Suet.	vit. Terent. comment.	Suet.	vit. Plin.
Suet.	Calig.	Suet.	Cal.
Suet.	Cl.	Suet.	Cal.
Ps. Cypr.	carm.	Ps. Cypr.	app. carm.
Ps. Cypr.	de dupl. martyr.	Ps. Cypr.	de dupl. mart.
Ps. Cypr.	de pasch. comp.	Ps. Cypr.	comput. pasch.
Ps. Cypr.	or.	Ps. Cypr.	de resurr. mort.
Ps. Cypr.	sing. cler.	Ps. Cypr.	de sing. cler.
Ps. Cypr.	in genes.	Ps. Cypr.	de genes.
Ps. Cypr.	poët. genes.	Ps. Cypr.	de genes.
Ps. Cypr.	de laud. martyr.	Ps. Cypr.	de laud. mart.
Aquil.	Roman.	Aquil.	Rom.
Hist.	Apollon. reg.	Hist.	Apollon.
Gennad.	vir. ill.	Gennad.	de vir. ill.
Porph.	Hor. epod.	Porph.	Hor. ep.
Porph.	Hor. sat.	Porph.	Hor. carm.
Volus.	Maecian. descr.	Volus.	Maecian.
Ver.	imper.	Ver.	imp.
Orest.	trag.	Orest.	tr.
Instit.	Iustin.	Instit.	Iust.
Mart.	spect.	Mart.	de spect.
Eulog.	in somn. Scip.	Eulog.	in Cic. somn. Scip.
Minuc.	Fel. Oct.	Minuc.	Fel.
Verg.	gramm. ep.	Verg.	gramm.
Verg.	gramm. epist.	Verg.	gramm.
Verg.	gramm. epit.	Verg.	gramm.
Verg.	Aen. 	Verg.	Aen.
Verg.	Aen. lib.	Verg.	Aen.
Verg.	catal.	Verg.	cat.
Verg.	ecl.	Verg.	eccl.
Verg.	georg.	Verg.	ge.
Verg.	georg. 	Verg.	ge.
Prob.	cathol.	Prob.	cath.
Prob.	in Verg. georg.	Prob.	Verg. georg.
Prob.	instit. art.	Prob.	inst. art.
Prob.	inst. art. no.	Prob.	inst. art.
Prob.	ad. Iuven.	Prob.	ad Iuven.
Prob.	ad Verg. ecl.	Prob.	ad Iuven.
Prob.	app.	Prob.	App.
Prob.	append.	Prob.	App.
Prob.	ad Verg. bucol. in.	Prob.	Verg. bucol.
Prob.	de nom. exc.	Prob.	de nom.
Hier.	chron. Euseb. Ol.	Hier.	ad Ol.
Hier.	ep.	Hier.	Ephes.
Hier.	in Ruf.	Hier.	Ruf.
Hier.	adv. Rufin.	Hier.	Ruf.
Hier.	adv. Iov.	Hier.	adv. Ioann. Hierosol.
Hier.	adv. Lucif.	Hier.	adv. Ioann. Hierosol.
Hier.	adv. Pelag.	Hier.	adv. Ioann. Hierosol.
Hier.	vir. ill.	Hier.	de vir. ill.
Gall.	fr.	Gall.	eleg. fr.
Nipperd.	Quaestt. Caesar.	Nipperd.	Quaest. Caes.
Nipperd.	ad Caes.	Nipperd.	Quaest. Caes.
Pacuv.	tr. 	Pacuv.	tr.
Pacuv.	trag.	Pacuv.	tr.
Pacuv.	tr. Paul.	Pacuv.	Paul.
Ps. Augustin.	serm. app.	Ps. Augustin.	app. serm.
Ps. Augustin.	serm.	Ps. Augustin.	app. serm.
Ps. Augustin.	epist.	Ps. Augustin.	app. epist.
Hildebr.	Apul. apol.	Hildebr.	Apul.
Hildebr.	Apul. flor.	Hildebr.	Apul.
Hildebr.	Apul. met.	Hildebr.	Apul.
Hildebr.	Apul. met. 	Hildebr.	Apul.
Vulc.	Gall. Avid. Cass.	Vulc.	Cass. Avid.
Vulc.	Gallic. Avid. Cass.	Vulc.	Cass. Avid.
Cledon.	praef.	Cledon.	art. praef.
Class.	auct.	Class.	Auct.
Class.	auct. VI.	Class.	Auct.
Class.	auct. tom.	Class.	Auct.
Class.	auct. vol.	Class.	Auct.
Petr.	Chrysol. serm.	Petr.	Chrys. serm.
Lampr.	Alex. Sev.	Lampr.	Al. Sev.
Lampr.	Alex. Sex.	Lampr.	Al. Sev.
Lampr.	Comm. Anton.	Lampr.	Comm.
Lampr.	Commod.	Lampr.	Comm.
Lampr.	Commm.	Lampr.	Comm.
Lampr.	Helig.	Lampr.	Hel.
Lampr.	Heliog.	Lampr.	Hel.
Lampr.	Heliogr.	Lampr.	Hel.
Lampr.	Diad.	Lampr.	Anton. Diad.
Lampr.	Diadum.	Lampr.	Anton. Diad.
Nazar.	pan. Const.	Nazar.	pan.
Nazar.	pan. Constant.	Nazar.	pan.
Ruric.	epist.	Ruric.	ep.
Capit.	Albin.	Capit.	Alb.
Capit.	Claud. Albin.	Capit.	Alb.
Capit.	Clod. Albin.	Capit.	Alb.
Capit.	Macrin.	Capit.	Macr.
Capit.	Opil. Macr.	Capit.	Macr.
Capit.	Pertin.	Capit.	Pert.
Capit.	Port.	Capit.	Pert.
Capit.	Gord. iun.	Capit.	Gord.
Capit.	Gord. tr.	Capit.	Gord.
Capit.	Anton. phil.	Capit.	Anton. Phil.
Capit.	in Ver.	Capit.	Ver.
Capit.	Maximin.	Capit.	Maxim.
Capit.	Maxim. duob.	Capit.	Maxim.
Capit.	Maxim. duor.	Capit.	Maxim.
Capit.	Maxim. iun.	Capit.	Maxim.
Capit.	in Maximin. duob.	Capit.	Maximin. duob.
Fortunat.	art. rhet.	Fortunat.	art.
Vict.	Vit. carm.	Vict.	Vit.
Gothofr.	Cod. Theod. tom.	Gothofr.	Cod. Theod.
Censorin.	fragm.	Censorin.	fr.
Compar.	in Augustin. epist.	Compar.	Augustin. epist.
Compar.	in Sidon. epist.	Compar.	Augustin. epist.
Inscr.	in Anthol. Lat.	Inscr.	ap. Burm. Anthol. Lat.
Inscr.	Rhen. Bramb.	Inscr.	Rhen.
Notit.	imp. occid.	Notit.	dign. occid.
Notit.	dign. or.	Notit.	dign. occid.
Notit.	dignit. vol.	Notit.	dign. vol.
Notit.	dignit. orient.	Notit.	dign. orient.
Syr.	sent. app.	Syr.	sent.
Ven.	Fortun. carm.	Ven.	Fortun.
Avien.	orb. terr.	Avien.	descr. orb. terr.
Avien.	or. marit.	Avien.	or. mar.
Avien.	orb. descr.	Avien.	descr. orb.
Avien.	Arat. 	Avien.	Arat.
Avien.	Arat. phaen.	Avien.	Arat.
Avien.	phaen.	Avien.	Phaen.
Avien.	phaenom.	Avien.	Phaen.
Trag.	inc. fab.	Trag.	fab. inc.
Trag.	inc. fab. 	Trag.	fab. inc.
Trag.	inc. fr.	Trag.	inc. fab. fr.
Frgm.	iur. Rom. Vatic.	Frgm.	Vat.
Varr.	sat. Men.	Varr.	sat. Mem.
Varr.	sat. Men. 	Varr.	sat. Mem.
Metrol.	scriptt.	Metrol.	Scriptt.
Metrol.	scriptt. Lat.	Metrol.	Scriptt.
Metrol.	scriptt. Lat. vol.	Metrol.	Scriptt.
Metrol.	scrippt. Lat.	Metrol.	Scriptt.
Plin. nat.	hist. lib.	Plin. nat.	hist.
Plin. nat.	hist. pr.	Plin. nat.	hist.
Plin. nat.	hist. praef.	Plin. nat.	hist.
Mall.	Theod. cons.	Mall.	Theod.
Schenkl.	Alcim. Avit. poëm.	Schenkl.	Alcim. Avit. carm.
Schenkl.	Sidon. carm.	Schenkl.	Alcim. Avit. carm.
Schenkl.	Cod. Iustin.	Schenkl.	Cod. Iust.
Schenkl.	Sidon. epist.	Schenkl.	Hieron. epist.
Schenkl.	Corp. inscr. Lat.	Schenkl.	Corp. inscr.
Schenkl.	Hyg. fab.	Schenkl.	Hyg. astr.
Schenkl.	Vulg. deut.	Schenkl.	Vulg.
Schenkl.	Vulg. genes.	Schenkl.	Vulg.
Schenkl.	Vulg. iudic.	Schenkl.	Vulg.
Schenkl.	Prud. ham.	Schenkl.	Amm.
Vahlen.	Plin.	Vahlen.	Plaut. Pers.
Vahlen.	Plaut. Poen. prol.	Vahlen.	Plaut. Pers.
Muret.	op. vol.	Muret.	Opp. vol.
Prud.	psych.	Prud.	Psych.
Prud.	psych. 	Prud.	Psych.
Prud.	psych. praef.	Prud.	Psych.
Prud.	psychom.	Prud.	Psych.
Prud.	aposch.	Prud.	Psych.
Prud.	cath. praef.	Prud.	cath.
Prud.	cathem.	Prud.	cath.
Prud.	apoth. praef.	Prud.	apoth.
Prud.	epilog.	Prud.	epil.
Prud.	ham. 	Prud.	ham.
Prud.	ham. praef.	Prud.	ham.
Prud.	hamart.	Prud.	ham.
Prud.	dittoch.	Prud.	Diptych.
Gramm.	de nom.	Gramm.	de dub. nom.
Gramm.	de idiom. gen.	Gramm.	de gen.
Gramm.	Vatic.	Gramm.	Vat.
Sisenn.	fr. inc.	Sisenn.	fr.
Sisenn.	hist. fr.	Sisenn.	fr.
Sisenn.	hist. fr. inc.	Sisenn.	fr.
Albin.	de art. rhet.	Albin.	art. rhet.
Prisc.	perieg.	Prisc.	Perieg.
Prisc.	partit. XII. vers. Aen.	Prisc.	part. XII. vers. Aen.
Prisc.	de metr. Terent.	Prisc.	de metr. Ter.
Prisc.	praeex. rhet.	Prisc.	de praeex. rhet.
Prisc.	praeex.	Prisc.	de praeex. rhet.
Prisc.	praeexerc. rhet.	Prisc.	de praeex. rhet.
Prisc.	praeëx.	Prisc.	de praeex. rhet.
Prisc.	de num. fig.	Prisc.	de fig. num.
Prisc.	de nom. etc.	Prisc.	de nom.
Prisc.	de accent.	Prisc.	de acceat.
Anecd.	Helvet.	Anecd.	Helv.
Pelag.	veterin.	Pelag.	vet.
Cassiod.	dial.	Cassiod.	de dial.
Cassiod.	var. praef.	Cassiod.	in psalt. praef.
Cassiod.	in psalt. praef. vol.	Cassiod.	in psalt. praef.
Cassiod.	compl. act. apost.	Cassiod.	compl.
Cassiod.	compl. apoc.	Cassiod.	compl.
Cassiod.	complex. act. apost.	Cassiod.	compl.
Cassiod.	de arithm.	Cassiod.	arithm.
Cassiod.	de art. gramm. in.	Cassiod.	de art. disc. lib.
Cassiod.	in psalm. tom.	Cassiod.	in Auct. class. tom.
Cassiod.	in psalm. praef.	Cassiod.	in psalm.
Cassiod.	in psalt.	Cassiod.	in psalm.
Cassiod.	in cant. cantic.	Cassiod.	in cant.
Cassiod.	in cantic.	Cassiod.	in cant.
Cassiod.	div. litt.	Cassiod.	de inst. div. litt.
Cassiod.	div. inst.	Cassiod.	de inst. div. litt.
Cassiod.	instit. div. litt.	Cassiod.	de inst. div. litt.
Cassiod.	orthogr.	Cassiod.	de orthogr.
Cassiod.	de orthogr. praef. extr.	Cassiod.	de orthogr.
Cassiod.	de orthogr. praef.	Cassiod.	de orthogr.
Cassiod.	hist. eccl.	Cassiod.	hist.
Cassiod.	hist. eccl. trip.	Cassiod.	hist.
Cassiod.	hist. eccles.	Cassiod.	hist.
Cassiod.	hist. sacr.	Cassiod.	hist.
Cassiod.	hist. trip.	Cassiod.	hist.
Gell.	praef.	Gell.	pr.
Gell.	prooem.	Gell.	pr.
Eutych.	art. gr.	Eutych.	art.
Arr.	Menand. dig.	Arr.	Men. dig.
Cod.	theod.	Cod.	Theod.
Cod.	Theod. tit. sequ. libr.	Cod.	Theod.
Laev.	fr.	Laev.	erotop. fr.
Plin.	Val. praef. fol.	Plin.	Val.
Plin.	Sec. medic. praef. in.	Plin.	Sec.
Plin.	epp.	Plin.	ep.
Plin.	epp. emend.	Plin.	ep.
Plin.	pr.	Plin.	hist. nat. praef.
Plin.	praef.	Plin.	hist. nat. praef.
Plin.	lib.	Plin.	ind. libr.
Petron.	poët. fr.	Petron.	fr.
Petron.	poët.	Petron.	poet.
Pompei.	comm. art. Donat.	Pompei.	comm.
Pompei.	comment.	Pompei.	comm.
Pompei.	comment. art. Donat.	Pompei.	comm.
Pompei.	gramm. comment. art. Donat.	Pompei.	comm.
Ps. Verg.	cul.	Ps. Verg.	Cul.
Ps. Verg.	cir.	Ps. Verg.	Cir.
Ps. Verg.	moret.	Ps. Verg.	mor.
Dracont.	hexaëm. epil.	Dracont.	hexaëm.
Dracont.	satisf.	Dracont.	sat.
Dracont.	carm. min.	Dracont.	carm.
Dracont.	carm. minor.	Dracont.	carm.
Scaevol.	dig.	Scaevol.	Dig.
Anthol.	Lat. 	Anthol.	Lat.
Anthol.	Latin.	Anthol.	Lat.
Anthol.	Lat. fasc.	Anthol.	Lat.
Anthol.	epigr. Lat. spec.	Anthol.	Lat.
Ps. Fulg.	serm.	Ps. Fulg.	Rusp. serm.
Iunior.	orb. descr.	Iunior.	descr. orb.
Victor.	de reg. urb. Rom. reg.	Victor.	de reg. urb. Rom. epil. extr. Corp. inscr. Lat.
Caecil.	com. 	Caecil.	com.
Caecil.	com. fr.	Caecil.	com.
Caecil.	com. fr. inc.	Caecil.	com.
Cl.	Mamert. pan. Maximin. Aug.	Cl.	Mamert. pan. Maxim.
Cl.	Quadrig. ann.	Cl.	Quadr. ann.
Cl.	Mamert. grat. act. Iulian.	Cl.	Mam. grat. act.
Cl.	Sacerd. art. gr.	Cl.	Sacerd.
Cl.	Sacerd. art. gramm.	Cl.	Sacerd.
Coel.	Antip. fr. inc.	Coel.	Antip.
Auson.	ep.	Auson.	Drepan. fil.
Auson.	ep. 	Auson.	Drepan. fil.
Auson.	ephem. orat.	Auson.	ephem.
Auson.	ephem. parecb.	Auson.	ephem.
Auson.	eclog.	Auson.	ecl.
Auson.	parent. praef.	Auson.	parent.
Auson.	parent. praef. pros.	Auson.	parent.
Auson.	edyll.	Auson.	ad edyll.
Auson.	edyll. 	Auson.	ad edyll.
Auson.	ad nep. lemm.	Auson.	ad edyll.
Auson.	epist. edyll.	Auson.	ad edyll.
Auson.	epist. praem. edyll.	Auson.	ad edyll.
Auson.	epith.	Auson.	epist.
Auson.	grat. act. II.	Auson.	grat. act.
Auson.	grat. act. III.	Auson.	grat. act.
Auson.	grat. act. VIII.	Auson.	grat. act.
Auson.	grat. act. XVII.	Auson.	grat. act.
Auson.	grat. act. XVIII.	Auson.	grat. act.
Auson.	epigr.	Auson.	epig.
Auson.	ord. urb. nobil.	Auson.	ord. urb. nob.
Auson.	lud. sept. sap. praef.	Auson.	lud. sept. sap.
Auson.	sept. sap. Cleob.	Auson.	lud. sept. sap.
Auson.	sept. sap.	Auson.	de nom. sept. dier.
Auson.	Mos. 	Auson.	Mos.
Auson.	Mosell.	Auson.	Mos.
Auson.	de monos.	Auson.	Mos.
Auson.	perioch. Iliad. prooem.	Auson.	perioch. Iliad.
Auson.	perioch. Odyss.	Auson.	perioch. Iliad.
Auson.	perioch. praef.	Auson.	perioch. Iliad.
Auson.	prof.	Auson.	de prof.
Garet.	Vgl. Isid. orig.	Garet.	Isid.
Sedul.	carm. pasch.	Sedul.	carm.
Sedul.	in carm. pasch. praef.	Sedul.	carm.
Sedul.	pasch. carm.	Sedul.	carm.
Sedul.	paschal. carm.	Sedul.	carm.
Alcim.	ad soror.	Alcim.	ad Sor.
Alcim.	ep.	Alcim.	Av. ep.
Alcim.	Avit. ep.	Alcim.	Av. ep.
Alcim.	Avit. epist.	Alcim.	Av. ep.
Alcim.	Avit. fr.	Alcim.	Avit.
Alcim.	Avit. homil.	Alcim.	Avit.
Alcim.	Avit. poëm.	Alcim.	Avit.
Ven. Fort.	carm. append.	Ven. Fort.	app.
Ven. Fort.	carm. praef.	Ven. Fort.	carm.
Ven. Fort.	epist. praem. carm.	Ven. Fort.	carm.
Ven. Fort.	epist. praemiss. carm.	Ven. Fort.	carm.
Ven. Fort.	in epist. praem. carm.	Ven. Fort.	carm.
Ven. Fort.	miscell.	Ven. Fort.	misc.
Ven. Fort.	prol. libr.	Ven. Fort.	prol.
Ven. Fort.	vit. Mart.	Ven. Fort.	de vit. Mart.
Ven. Fort.	vit. Radeg.	Ven. Fort.	de vit. Mart.
Ven. Fort.	epist. praef. libr.	Ven. Fort.	epist.
Ven. Fort.	init. epist. praem. carm.	Ven. Fort.	epist.
Ven. Fort.	vit. Amiant.	Ven. Fort.	vit. Albin. Andeg.
Ven. Fort.	vit. Leob.	Ven. Fort.	vit. Albin. Andeg.
Aur. Vict.	vir. ill.	Aur. Vict.	de vir. ill.
Aur. Vict.	orig.	Aur. Vict.	de orig.
Aur. Vict.	de Caes.	Aur. Vict.	Caes.
Aur. Vict.	de orig. gent. Rom.	Aur. Vict.	de or. gent. Rom.
Aur. Vict.	orig. gent. Rom.	Aur. Vict.	de or. gent. Rom.
Avian.	fab. apol.	Avian.	apol.
Anton.	imper.	Anton.	imp.
Max.	Victorin.	Max.	Victor.
Isid.	de off. eccl.	Isid.	de eccl. off.
Isid.	eccl. off.	Isid.	de eccl. off.
Isid.	ord. creat.	Isid.	de ord. creat.
Isid.	de ord. nat.	Isid.	de ord. creat.
Isid.	ord. nat.	Isid.	de ord. creat.
Isid.	diff.	Isid.	de diff.
Isid.	de diff. verb. no.	Isid.	de diff.
Isid.	epist.	Isid.	ep.
Isid.	orig.	Isid.	Orig.
Isid.	regul. monach.	Isid.	Regul. Monach.
Isid.	reg. monach.	Isid.	Regul. Monach.
Isid.	reg. mon.	Isid.	Regul. Monach.
Isid.	in levit.	Isid.	in Levit.
Iul.	Valer.	Iul.	Val.
Iul.	epit. nov.	Iul.	Epit. nov.
Iul.	Vict. art.	Iul.	Vict.
Iul.	Vict. art. rhet.	Iul.	Vict.
Iul.	Vict. rhet.	Iul.	Vict.
Iul.	Victor. art. rhet.	Iul.	Vict.
Iul.	Pelagon.	Iul.	Pelag.
Iul.	Obseq.	Iul.	Obs.
Iul.	Obsequ.	Iul.	Obs.
Iul.	Firm. math. praef.	Iul.	Firm. math.
Vgl.	übh. Prisc.	Vgl.	Prisc.
Vgl.	Hildebr. Apul. met.	Vgl.	Hildebr. Apul. apol.
Vgl.	übh. Hildebr. Apul. tom.	Vgl.	Hildebr. Apul. apol.
Vgl.	ex Charis. art. gramm.	Vgl.	Charis.
Vgl.	Schol. Bern. Verg. georg.	Vgl.	Schol. Bern. Verg. ecl.
Vgl.	übh. Gell.	Vgl.	Gell.
Vgl.	übh. Lachm. Lucr.	Vgl.	Lachm. Lucr.
Vgl.	Porphyr. Hor. epod.	Vgl.	Porphyr. Hor. carm.
Vgl.	Corp. inscr. Lat.	Vgl.	Burm. Anthol. Lat. tom.
Vgl.	Schol. Pers.	Vgl.	Pers.
Vgl.	Serv. Verg. georg.	Vgl.	Serv. Verg. Aen.
Vgl.	Naev. com.	Vgl.	Com. Lat. ed. min. Ribb.
Vgl.	übh. Drak. Liv.	Vgl.	Drak. Liv.
Vgl.	Drak. Sil.	Vgl.	Drak. Liv.
Vgl.	Isid. orig.	Vgl.	Isid.
Vgl.	Isidor.	Vgl.	Isid.
Vgl.	Ps. Ascon. Cic. II. Verr.	Vgl.	Cic. or.
Vgl.	de oct. partt. or.	Vgl.	Cic. or.
Vgl.	de idiom. gen.	Vgl.	Diom.
Vgl.	Gloss. Lat. Arab.	Vgl.	Gloss. III.
Vgl.	Paul. ex. Fest.	Vgl.	Fest.
Vgl.	ex Fest.	Vgl.	Fest.
Vgl.	Liv.	Vgl.	Anecd. Helv.
Vgl.	übh. Macr. sat.	Vgl.	übh. Hildebr. Apul. met.
Greg. M.	epist.	Greg. M.	ep.
Terent.	Maur. 	Terent.	Maur.
Geogr.	Ravenn.	Geogr.	Rav.
Oudend.	Apul. met.	Oudend.	Apul.
Oudend.	Suet. Tit.	Oudend.	Suet. Tib.
Vulcat.	Gall. Avid. Cass.	Vulcat.	Avid. Cass.
Vulcat.	Gallic. Avid. Cass.	Vulcat.	Avid. Cass.
Gratt.	cyn. 	Gratt.	cyn.
Edict.	Theodoric. reg.	Edict.	Theoderic. 
Edict.	Diocl. 	Edict.	Diocl.
Edict.	Diocl. II. no.	Edict.	Diocl.
Edict.	Diocl. praef.	Edict.	Diocl.
Edict.	Diocl. prooem.	Edict.	Diocl.
Edict.	Diocl. prooem. extr.	Edict.	Diocl.
Epit.	Illiad.	Epit.	Iliad.
Rom.	legg. coll.	Rom.	leg. coll.
Rom.	leg. collat.	Rom.	leg. coll.
Rom.	leg. collat. tit.	Rom.	leg. coll.
Rom.	legg. collat.	Rom.	leg. coll.
Rom.	fr.	Rom.	II. fr.
Kellerm.	vigil. Rom. laterc. no.	Kellerm.	vig. Rom. lat.
Pompon.	com. fr.	Pompon.	com.
Pompon.	com. fr. 	Pompon.	com.
Pompon.	de orig. iur. not.	Pompon.	de orig. iur.
Greg.	epist.	Greg.	ep.
Comic.	pall. fr. inc.	Comic.	Rom. fr.
Comic.	pall. inc. fr.	Comic.	Rom. fr.
Comic.	Rom. fragm.	Comic.	Rom. fr.
Gargil.	de pom.	Gargil.	de arb. pomif.
Gargil.	de arbor. pomif.	Gargil.	de arb. pomif.
Gargil.	de arb. pornif.	Gargil.	de arb. pomif.
Gargil.	Mart. medic.	Gargil.	Mart. med.
Gargil.	Mart. medic. extr.	Gargil.	Mart. med.